Tier,Q1 ID,Q1 Domain,Q1 File,Q2 ID,Q2 Domain,Q2 File,Combined %,Question Sim %,Options Sim %,Same Answer?,Q1 Answer,Q2 Answer,Q1 Question Text,Q2 Question Text,Q1 Options (A/B/C/D),Q2 Options (A/B/C/D),Notes,Action (KEEP Q1 / KEEP Q2 / KEEP BOTH / REVIEW),Audited
DUPLICATE,q056,1,domain1.json,q605,2,domain2.json,100.0,100,100,YES,C,C,Which of the following is the customer’s responsibility under the AWS shared responsibility model?,Which of the following is the customer's responsibility under the AWS shared responsibility model?,A: Patching underlying infrastructure | B: Physical security | C: Patching Amazon EC2 instances | D: Patching network infrastructure,A: Patching underlying infrastructure | B: Physical security | C: Patching Amazon EC2 instances | D: Patching network infrastructure,Cross-domain: D1 vs D2; Exact duplicate,,
DUPLICATE,q057,1,domain1.json,q719,2,domain2.json,100.0,100,100,YES,C,C,According to the AWS shared responsibility model who is responsible for configuration management?,"According to the AWS shared responsibility model, who is responsible for configuration management?",A: It is solely the responsibility of the customer. | B: It is solely the responsibility of AWS. | C: It is shared between AWS and the customer. | D: It is not part of the AWS shared responsibility model.,A: It is solely the responsibility of the customer. | B: It is solely the responsibility of AWS. | C: It is shared between AWS and the customer. | D: It is not part of the AWS shared responsibility model.,Cross-domain: D1 vs D2; Exact duplicate,,
DUPLICATE,q060,1,domain1.json,q626,2,domain2.json,100.0,100,100,YES,"A, C","A, C","Under the shared responsibility model, which of the following tasks are the responsibility of the AWS customer? (Select TWO)","Under the shared responsibility model, which of the following tasks are the responsibility of the AWS customer? (Select TWO.)",A: Ensuring that application data is encrypted at rest. | B: Ensuring that AWS NTP servers are set to the correct time. | C: Ensuring that users have received security training in the use of AWS services. | D: Ensuring that access to data centers is restricted. | E: Ensuring that hardware is disposed of properly.,A: Ensuring that application data is encrypted at rest | B: Ensuring that AWS NTP servers are set to the correct time | C: Ensuring that users have received security training in the use of AWS services | D: Ensuring that access to data centers is restricted | E: Ensuring that hardware is disposed of properly,Cross-domain: D1 vs D2; Exact duplicate,,
DUPLICATE,q138,1,domain1.json,q624,1,domain1.json,100.0,100,100,YES,"B, D","B, D",What can AWS edge locations be used for? (Select TWO),What can AWS edge locations be used for? (Select TWO.),A: Hosting applications. | B: Delivering content closer to users. | C: Running NoSQL database caching services. | D: Reducing traffic on the server by caching responses. | E: Sending notification messages to end users.,A: Hosting applications | B: Delivering content closer to users | C: Running NoSQL database caching services | D: Reducing traffic on the server by caching responses | E: Sending notification messages to end users,Exact duplicate,,
DUPLICATE,q146,1,domain1.json,q607,1,domain1.json,100.0,100,100,YES,"A, C","A, C",A customer is deploying a new application and needs to choose an AWS Region. Which of the following factors could influence the customer’s decision? (Select TWO),A customer is deploying a new application and needs to choose an AWS Region. Which of the following factors could influence the customer's decision? (Select TWO.),A: Reduced latency to users. | B: The application’s presentation in the local language. | C: Data sovereignty compliance. | D: Cooling costs in hotter climates. | E: Proximity to the customer’s office for on-site visits.,A: Reduced latency to users | B: The application's presentation in the local language | C: Data sovereignty compliance | D: Cooling costs in hotter climates | E: Proximity to the customer's office for on-site visits,Exact duplicate,,
DUPLICATE,q537,1,domain1.json,q805,1,domain1.json,100.0,100,100,YES,B,B,Which element of the AWS global infrastructure consists of one or more discrete data centers each with redundant power networking and connectivity which are housed in separate facilities?,"Which element of the AWS global infrastructure consists of one or more discrete data centers, each with redundant power, networking, and connectivity, which are housed in separate facilities?",A: AWS Regions. | B: Availability Zones. | C: Edge locations. | D: Amazon CloudFront.,A: AWS Regions | B: Availability Zones | C: Edge locations | D: Amazon CloudFront,Exact duplicate,,
DUPLICATE,q539,1,domain1.json,q610,1,domain1.json,100.0,100,100,YES,B,B,The AWS Cloud’s multiple Regions are an example of:,The AWS Cloud's multiple Regions are an example of:,A: Agility. | B: Global infrastructure. | C: Elasticity. | D: Pay-as-you-go pricing.,A: agility. | B: global infrastructure. | C: elasticity. | D: pay-as-you-go pricing.,Exact duplicate,,
DUPLICATE,q553,1,domain1.json,q632,2,domain2.json,100.0,100,100,YES,B,B,According to the AWS shared responsibility model what is the sole responsibility of AWS?,"According to the AWS shared responsibility model, what is the sole responsibility of AWS?",A: Application security. | B: Edge location management. | C: Patch management. | D: Client-side data.,A: Application security | B: Edge location management | C: Patch management | D: Client-side data,Cross-domain: D1 vs D2; Exact duplicate,,
DUPLICATE,q564,1,domain1.json,q601,2,domain2.json,100.0,100,100,YES,"B, D","B, D","Under the AWS shared responsibility model, which of the following activities are the customer’s responsibility? (Select TWO)","Under the AWS shared responsibility model, which of the following activities are the customer's responsibility? (Select TWO.)",A: Patching operating system components for Amazon Relational Database Server (Amazon RDS). | B: Encrypting data on the client-side. | C: Training the data center staff. | D: Configuring Network Access Control Lists (ACL). | E: Maintaining environmental controls within a data center.,A: Patching operating system components for Amazon Relational Database Server (Amazon RDS) | B: Encrypting data on the client-side | C: Training the data center staff | D: Configuring Network Access Control Lists (ACL) | E: Maintaining environmental controls within a data center,Cross-domain: D1 vs D2; Exact duplicate,,
DUPLICATE,q600,1,domain1.json,q560,4,domain4.json,100.0,100,100,YES,C,C,Which AWS feature will reduce the customer's total cost of ownership (TCO)?,Which AWS feature will reduce the customer’s total cost of ownership (TCO)?,A: Shared responsibility security model | B: Single tenancy | C: Elastic computing | D: Encryption,A: Shared responsibility security model. | B: Single tenancy. | C: Elastic computing. | D: Encryption.,Cross-domain: D1 vs D4; Exact duplicate,,
DUPLICATE,q604,1,domain1.json,q159,3,domain3.json,100.0,100,100,YES,B,B,Which feature of the AWS Cloud will support an international company's requirement for low latency to all of its customers?,Which feature of the AWS Cloud will support an international company’s requirement for low latency to all of its customers?,A: Fault tolerance | B: Global reach | C: Pay-as-you-go pricing | D: High availability,A: Fault tolerance. | B: Global reach. | C: Pay-as-you-go pricing. | D: High availability.,Cross-domain: D1 vs D3; Exact duplicate,,
DUPLICATE,q614,1,domain1.json,q556,3,domain3.json,100.0,100,100,YES,"C, E","C, E",Which design principles for cloud architecture are recommended when re-architecting a large monolithic application? (Select TWO.),Which design principles for cloud architecture are recommended when re-architecting a large monolithic application? (Select TWO),A: Use manual monitoring. | B: Use fixed servers. | C: Implement loose coupling. | D: Rely on individual components. | E: Design for scalability.,A: Use manual monitoring. | B: Use fixed servers. | C: Implement loose coupling. | D: Rely on individual components. | E: Design for scalability.,Cross-domain: D1 vs D3; Exact duplicate,,
DUPLICATE,q621,1,domain1.json,q567,3,domain3.json,100.0,100,100,YES,A,A,How do customers benefit from Amazon's massive economies of scale?,How do customers benefit from Amazon’s massive economies of scale?,A: Periodic price reductions as the result of Amazon's operational efficiencies | B: New Amazon EC2 instance types providing the latest hardware | C: The ability to scale up and down when needed | D: Increased reliability in the underlying hardware of Amazon EC2 instances,A: Periodic price reductions as the result of Amazon’s operational efficiencies. | B: New Amazon EC2 instance types providing the latest hardware. | C: The ability to scale up and down when needed. | D: Increased reliability in the underlying hardware of Amazon EC2 instances.,Cross-domain: D1 vs D3; Exact duplicate,,
DUPLICATE,q126,2,domain2.json,q617,2,domain2.json,100.0,100,100,YES,"B, E","B, E",Which of the following security measures protect access to an AWS account? (Select TWO),Which of the following security measures protect access to an AWS account? (Select TWO.),A: Enable AWS CloudTrail. | B: Grant least privilege access to IAM users. | C: Create one IAM user and share with many developers and users. | D: Enable Amazon CloudFront. | E: Activate multi-factor authentication (MFA) for privileged users.,A: Enable AWS CloudTrail. | B: Grant least privilege access to IAM users. | C: Create one IAM user and share with many developers and users. | D: Enable Amazon CloudFront. | E: Activate multi-factor authentication (MFA) for privileged users.,Exact duplicate,,
DUPLICATE,q163,2,domain2.json,q602,2,domain2.json,100.0,100,100,YES,"D, E","D, E",AWS supports which of the following methods to add security to Identity and Access Management (IAM) users? (Select TWO),AWS supports which of the following methods to add security to Identity and Access Management (IAM) users? (Select TWO.),A: Implementing Amazon Rekognition. | B: Using AWS Shield-protected resources. | C: Blocking access with Security Groups. | D: Using Multi-Factor Authentication (MFA). | E: Enforcing password strength and expiration.,A: Implementing Amazon Rekognition | B: Using AWS Shield-protected resources | C: Blocking access with Security Groups | D: Using Multi-Factor Authentication (MFA) | E: Enforcing password strength and expiration,Exact duplicate,,
DUPLICATE,q547,2,domain2.json,q179,3,domain3.json,100.0,100,100,YES,C,C,Which of the following can limit Amazon Simple Storage Service (Amazon S3) bucket access to specific users?,Which of the following can limit Amazon Simple Storage Service (Amazon S3) bucket access to specific users?,A: A public and private key-pair. | B: Amazon Inspector. | C: AWS Identity and Access Management (IAM) policies. | D: Security Groups.,A: A public and private key-pair. | B: Amazon Inspector. | C: AWS Identity and Access Management (IAM) policies. | D: Security Groups.,Cross-domain: D2 vs D3; Exact duplicate,,
DUPLICATE,q555,2,domain2.json,q718,2,domain2.json,100.0,100,100,NO,A,B,Which AWS service identifies security groups that allow unrestricted access to a user’s AWS resources?,Which AWS service identifies security groups that allow unrestricted access to a user's AWS resources?,A: AWS Trusted Advisor. | B: Amazon Inspector. | C: Amazon CloudWatch. | D: AWS CloudTrail.,A: AWS CloudTrail | B: AWS Trusted Advisor | C: Amazon CloudWatch | D: Amazon Inspector,DIFFERENT ANSWERS; Exact duplicate,,
DUPLICATE,q612,2,domain2.json,q170,3,domain3.json,100.0,100,100,YES,"B, C","B, C",Which of the following security-related services does AWS offer? (Select TWO.),Which of the following security-related services does AWS offer? (Select TWO),A: Multi-factor authentication physical tokens | B: AWS Trusted Advisor security checks | C: Data encryption | D: Automated penetration testing | E: Amazon S3 copyrighted content detection,A: Multi-factor authentication physical tokens. | B: AWS Trusted Advisor security checks. | C: Data encryption. | D: Automated penetration testing. | E: Amazon S3 copyrighted content detection.,Cross-domain: D2 vs D3; Exact duplicate,,
DUPLICATE,q619,2,domain2.json,q102,3,domain3.json,100.0,100,100,YES,"B, E","B, E",Which options does AWS make available for customers who want to learn about security in the cloud in an instructor-led setting? (Select TWO.),Which options does AWS make available for customers who want to learn about security in the cloud in an instructor-led setting? (Select TWO),A: AWS Trusted Advisor | B: AWS Online Tech Talks | C: AWS Blog | D: AWS Forums | E: AWS Classroom Training,A: AWS Trusted Advisor. | B: AWS Online Tech Talks. | C: AWS Blog. | D: AWS Forums. | E: AWS Classroom Training.,Cross-domain: D2 vs D3; Exact duplicate,,
DUPLICATE,q622,2,domain2.json,q078,3,domain3.json,100.0,100,100,YES,"C, E","C, E",Which AWS services can be used to gather information about AWS account activity? (Select TWO.),Which AWS services can be used to gather information about AWS account activity? (Select TWO),A: Amazon CloudFront | B: AWS Cloud9 | C: AWS CloudTrail | D: AWS CloudHSM | E: Amazon CloudWatch,A: Amazon CloudFront. | B: AWS Cloud9. | C: AWS CloudTrail. | D: AWS CloudHSM. | E: Amazon CloudWatch.,Cross-domain: D2 vs D3; Exact duplicate,,
DUPLICATE,q623,2,domain2.json,q107,3,domain3.json,100.0,100,100,YES,"A, C","A, C",Which of the following common IT tasks can AWS cover to free up company IT resources? (Select TWO.),Which of the following common IT tasks can AWS cover to free up company IT resources? (Select TWO),A: Patching databases software | B: Testing application releases | C: Backing up databases | D: Creating database schema | E: Running penetration tests,A: Patching databases software. | B: Testing application releases. | C: Backing up databases. | D: Creating database schema. | E: Running penetration tests.,Cross-domain: D2 vs D3; Exact duplicate,,
DUPLICATE,q631,2,domain2.json,q162,3,domain3.json,100.0,100,100,YES,B,B,"Which of the following services falls under the responsibility of the customer to maintain operating system configuration, security patching, and networking?","Which of the following services falls under the responsibility of the customer to maintain operating system configuration, security patching, and networking?",A: Amazon RDS | B: Amazon EC2 | C: Amazon ElastiCache | D: AWS Fargate,A: Amazon RDS. | B: Amazon EC2. | C: Amazon ElastiCache. | D: AWS Fargate.,Cross-domain: D2 vs D3; Exact duplicate,,
DUPLICATE,q051,3,domain3.json,q616,3,domain3.json,100.0,100,100,YES,"B, E","B, E",Which of the following can an AWS customer use to launch a new Amazon Relational Database Service (Amazon RDS) cluster? (Select TWO),Which of the following can an AWS customer use to launch a new Amazon Relational Database Service (Amazon RDS) cluster? (Select TWO.),A: AWS Concierge. | B: AWS CloudFormation. | C: Amazon Simple Storage Service (Amazon S3). | D: Amazon EC2 Auto Scaling. | E: AWS Management Console.,A: AWS Concierge | B: AWS CloudFormation | C: Amazon Simple Storage Service (Amazon S3) | D: Amazon EC2 Auto Scaling | E: AWS Management Console,Exact duplicate,,
DUPLICATE,q053,3,domain3.json,q606,3,domain3.json,100.0,100,100,YES,"D, E","D, E",Which of the following are features of Amazon CloudWatch Logs? (Select TWO),Which of the following are features of Amazon CloudWatch Logs? (Select TWO.),A: Summaries by Amazon Simple Notification Service (Amazon SNS). | B: Free Amazon Elasticsearch Service analytics. | C: Provided at no charge. | D: Real-time monitoring. | E: Adjustable retention.,A: Summaries by Amazon Simple Notification Service (Amazon SNS) | B: Free Amazon Elasticsearch Service analytics | C: Provided at no charge | D: Real-time monitoring | E: Adjustable retention,Exact duplicate,,
DUPLICATE,q063,3,domain3.json,q603,3,domain3.json,100.0,100,100,YES,"B, E","B, E",Which AWS services should be used for read/write of constantly changing data? (Select TWO),Which AWS services should be used for read/write of constantly changing data? (Select TWO.),A: Amazon Glacier. | B: Amazon RDS. | C: AWS Snowball. | D: Amazon Redshift. | E: Amazon EFS.,A: Amazon Glacier | B: Amazon RDS | C: AWS Snowball | D: Amazon Redshift | E: Amazon EFS,Exact duplicate,,
DUPLICATE,q079,3,domain3.json,q596,3,domain3.json,100.0,100,100,YES,"B, E","B, E",Which of the following are characteristics of Amazon S3? (Select TWO),Which of the following are characteristics of Amazon S3? (Select TWO.),A: A global file system. | B: An object store. | C: A local file store. | D: A network file system. | E: A durable storage system.,A: A global file system | B: An object store | C: A local file store | D: A network file system | E: A durable storage system,Exact duplicate,,
DUPLICATE,q083,3,domain3.json,q594,4,domain4.json,100.0,100,100,YES,B,B,Which of the following inspects AWS environments to find opportunities that can save money for users and also improve system performance?,Which of the following inspects AWS environments to find opportunities that can save money for users and also improve system performance ?,A: AWS Cost Explorer. | B: AWS Trusted Advisor. | C: Consolidated billing. | D: Detailed billing.,A: AWS Cost Explorer | B: AWS Trusted Advisor | C: Consolidated billing | D: Detailed billing,Cross-domain: D3 vs D4; Exact duplicate,,
DUPLICATE,q104,3,domain3.json,q620,3,domain3.json,100.0,100,100,YES,"C, D","C, D",Which of the following features can be configured through the Amazon Virtual Private Cloud (Amazon VPC) Dashboard? (Select TWO),Which of the following features can be configured through the Amazon Virtual Private Cloud (Amazon VPC) Dashboard? (Select TWO.),A: Amazon CloudFront distributions. | B: Amazon Route 53. | C: Security Groups. | D: Subnets. | E: Elastic Load Balancing.,A: Amazon CloudFront distributions | B: Amazon Route 53 | C: Security Groups | D: Subnets | E: Elastic Load Balancing,Exact duplicate,,
DUPLICATE,q140,3,domain3.json,q615,3,domain3.json,100.0,100,100,YES,C,C,Which AWS service provides a customized view of the health of specific AWS services that power a customer’s workloads running on AWS?,Which AWS service provides a customized view of the health of specific AWS services that power a customer's workloads running on AWS?,A: AWS Service Health Dashboard. | B: AWS X-Ray. | C: AWS Personal Health Dashboard. | D: Amazon CloudWatch.,A: AWS Service Health Dashboard | B: AWS X-Ray | C: AWS Personal Health Dashboard | D: Amazon CloudWatch,Exact duplicate,,
DUPLICATE,q147,3,domain3.json,q629,3,domain3.json,100.0,100,100,YES,A,A,Which AWS service provides alerts when an AWS event may impact a company’s AWS resources?,Which AWS service provides alerts when an AWS event may impact a company's AWS resources?,A: AWS Personal Health Dashboard. | B: AWS Service Health Dashboard. | C: AWS Trusted Advisor. | D: AWS Infrastructure Event Management.,A: AWS Personal Health Dashboard | B: AWS Service Health Dashboard | C: AWS Trusted Advisor | D: AWS Infrastructure Event Management,Exact duplicate,,
DUPLICATE,q149,3,domain3.json,q676,3,domain3.json,100.0,100,100,YES,D,D,Which service’s PRIMARY purpose is software version control?,Which service's PRIMARY purpose is software version control?,A: Amazon CodeStar. | B: AWS Command Line Interface (AWS CLI). | C: Amazon Cognito. | D: AWS CodeCommit.,A: Amazon CodeStar | B: AWS Command Line Interface (AWS CLI) | C: Amazon Cognito | D: AWS CodeCommit,Exact duplicate,,
DUPLICATE,q155,3,domain3.json,q609,3,domain3.json,100.0,100,100,YES,"A, C","A, C",Which of the following are valid ways for a customer to interact with AWS services? (Select TWO),Which of the following are valid ways for a customer to interact with AWS services? (Select TWO.),A: Command line interface. | B: On-premises. | C: Software Development Kits. | D: Software-as-a-service. | E: Hybrid.,A: Command line interface | B: On-premises | C: Software Development Kits | D: Software-as-a-service | E: Hybrid,Exact duplicate,,
DUPLICATE,q184,3,domain3.json,q608,3,domain3.json,100.0,100,100,YES,D,D,A company is looking for a scalable data warehouse solution. Which of the following AWS solutions would meet the company’s needs?,A company is looking for a scalable data warehouse solution. Which of the following AWS solutions would meet the company's needs?,A: Amazon Simple Storage Service (Amazon S3). | B: Amazon DynamoDB. | C: Amazon Kinesis. | D: Amazon Redshift.,A: Amazon Simple Storage Service (Amazon S3) | B: Amazon DynamoDB | C: Amazon Kinesis | D: Amazon Redshift,Exact duplicate,,
DUPLICATE,q569,3,domain3.json,q185,3,domain3.json,100.0,100,100,NO,"C, E","B, D",Which AWS services provide a way to extend an on-premises architecture to the AWS Cloud? (Select TWO),Which AWS services provide a way to extend an on-premises architecture to the AWS Cloud? (Select TWO),A: Amazon EBS. | B: Amazon Connect. | C: AWS Storage Gateway. | D: Amazon CloudFront. | E: AWS Direct Connect.,A: Amazon EBS. | B: AWS Direct Connect. | C: Amazon CloudFront. | D: AWS Storage Gateway. | E: Amazon Connect.,DIFFERENT ANSWERS; Exact duplicate,,
DUPLICATE,q584,3,domain3.json,q597,3,domain3.json,100.0,100,100,YES,"A, B","A, B",Which services can be used across hybrid AWS Cloud architectures? (Select TWO),Which services can be used across hybrid AWS Cloud architectures? (Select TWO.),A: Amazon Route 53. | B: Virtual Private Gateway. | C: Classic Load Balancer. | D: Auto Scaling. | E: Amazon CloudWatch default metrics.,A: Amazon Route 53 | B: Virtual Private Gateway | C: Classic Load Balancer | D: Auto Scaling | E: Amazon CloudWatch default metrics,Exact duplicate,,
DUPLICATE,q613,3,domain3.json,q188,3,domain3.json,100.0,100,100,YES,"B, C","B, C",Which of the following services could be used to deploy an application to servers running on-premises? (Select TWO.),Which of the following services could be used to deploy an application to servers running on-premises? (Select TWO),A: AWS Elastic Beanstalk | B: AWS OpsWorks | C: AWS CodeDeploy | D: AWS Batch | E: AWS X-Ray,A: AWS Elastic Beanstalk. | B: AWS OpsWorks. | C: AWS CodeDeploy. | D: AWS Batch. | E: AWS X-Ray.,Exact duplicate,,
DUPLICATE,q630,3,domain3.json,q562,4,domain4.json,100.0,100,100,YES,"A, D","A, D",Which of the following are categories of AWS Trusted Advisor? (Select TWO.),Which of the following are categories of AWS Trusted Advisor? (Select TWO),A: Fault Tolerance | B: Instance Usage | C: Infrastructure | D: Performance | E: Storage Capacity,A: Fault Tolerance. | B: Instance Usage. | C: Infrastructure. | D: Performance. | E: Storage Capacity.,Cross-domain: D3 vs D4; Exact duplicate,,
DUPLICATE,q588,3,domain3.json,q625,3,domain3.json,100.0,100,100,YES,"A, D","A, D",Which AWS services are defined as global instead of regional? (Select TWO),Which AWS services are defined as global instead of regional? (Select TWO.),A: Amazon Route 53. | B: Amazon EC2. | C: Amazon S3. | D: Amazon CloudFront. | E: Amazon DynamoDB.,A: Amazon Route 53 | B: Amazon EC2 | C: Amazon S3 | D: Amazon CloudFront | E: Amazon DynamoDB,Exact duplicate,,
DUPLICATE,q106,4,domain4.json,q599,4,domain4.json,100.0,100,100,YES,"A, D","A, D",Which of the following are advantages of AWS consolidated billing? (Select TWO),Which of the following are advantages of AWS consolidated billing? (Select TWO.),"A: The ability to receive one bill for multiple accounts. | B: Service limits increasing by default in all accounts. | C: A fixed discount on the monthly bill. | D: Potential volume discounts, as usage in all accounts is combined. | E: The automatic extension of the master account’s AWS support plan to all accounts.","A: The ability to receive one bill for multiple accounts | B: Service limits increasing by default in all accounts | C: A fixed discount on the monthly bill | D: Potential volume discounts, as usage in all accounts is combined | E: The automatic extension of the master account's AWS support plan to all accounts",Exact duplicate,,
DUPLICATE,q577,4,domain4.json,q627,4,domain4.json,98.6,100,95,YES,"A, C","A, C",The financial benefits of using AWS are: (Select TWO),The financial benefits of using AWS are: (Select TWO.),A: Reduced Total Cost of Ownership (TCO). | B: Increased capital expenditure (capex). | C: Reduced operational expenditure ( opex ). | D: Deferred payment plans for startups. | E: Business credit lines for startups.,A: reduced Total Cost of Ownership (TCO). | B: increased capital expenditure (capex). | C: reduced operational expenditure (opex). | D: deferred payment plans for startups. | E: business credit lines for stratups.,Exact duplicate,,
DUPLICATE,q666,1,domain1.json,q096,3,domain3.json,97.4,93,100,YES,C,C,"A company's web application currently has tight dependencies on underlying components, so when one component fails the entire web application fails. Applying which AWS Cloud design principle will address the current design issue?",A company’s web application currently has light dependencies on underlying components so when one component fails the entire web application fails. Applying which AWS Cloud design principle will address the current design issue?,"A: Implementing elasticity, enabling the application to scale up or scale down as demand changes. | B: Enabling several EC2 instances to run in parallel to achieve better performance. | C: Focusing on decoupling components by isolating them and ensuring individual components can function when other components fail. | D: Doubling EC2 computing resources to increase system fault tolerance.",A: Implementing elasticity enabling the application to scale up or scale down as demand changes. | B: Enabling several EC2 instances to run in parallel to achieve better performance. | C: Focusing on decoupling components by isolating them and ensuring individual components can function when other components fail. | D: Doubling EC2 computing resources to increase system fault tolerance.,Cross-domain: D1 vs D3,,
DUPLICATE,q139,4,domain4.json,q809,4,domain4.json,96.5,92,100,YES,A,A,A company is planning to migrate from on-premises to the AWS Cloud. When AWS tool or service provides detailed reports on estimated cost savings after migration?,A company is planning to migrate from on-premises to the AWS Cloud. Which AWS tool or service provides detailed reports on estimated cost savings after migration?,A: AWS Total Cost of Ownership (TCO) Calculator. | B: Cost Explorer. | C: AWS Budgets. | D: AWS Migration Hub.,A: AWS Total Cost of Ownership (TCO) Calculator | B: Cost Explorer | C: AWS Budgets | D: AWS Migration Hub,"Q1 typo: ""When""->""Which""",,
DUPLICATE,q739,3,domain3.json,q168,3,domain3.json,96.5,93,100,YES,"B, D","B, D",A company wants to migrate its applications to a VPC on AWS. These applications will need to access on-premises resources. What combination of actions will enable the company to accomplish this goal? (Choose two.),A company wants to migrate its applications to a VPC on AWS. These applications will need to access on-premises resources. What combination of actions will enable the company to accomplish this goal? (Select TWO),A: Use the AWS Service Catalog to identify a list of on-premises resources that can be migrated. | B: Build a VPN connection between an on-premises device and a virtual private gateway in the new VPC. | C: Use Amazon Athena to query data from the on-premises database servers. | D: Connect the company's on-premises data center to AWS using AWS Direct Connect. | E: Leverage Amazon CloudFront to restrict access to static web content provided through the company's on-premises web servers.,A: Use the AWS Service Catalog to identify a list of on-premises resources that can be migrated | B: Build a VPN connection between an on-premises device and a virtual private gateway in the new VPC | C: Use Amazon Athena to query data from the on-premises database servers | D: Connect the company’s on-premises data center to AWS using AWS Direct Connect | E: Leverage Amazon CloudFront to restrict access to static web content provided through the company’s on-premises web servers,,,
DUPLICATE,q072,4,domain4.json,q598,4,domain4.json,96.2,100,88,YES,"B, C, D","B, C, D",Which AWS tools assist with estimating costs? (Select three),Which AWS tools assist with estimating costs? (Select three.),A: Detailed billing report. | B: Cost allocation tags. | C: AWS Simple Monthly Calculator. | D: AWS Total Cost of Ownership (TCO) Calculator. | E: Cost Estimator.,A: Detailed billing report | B: Cost allocation tags | C: AWS Simple Monthly Calculator | D: AWS Total Cost of Ownership (TCO) Calculator | E: Cost Eliminator,,,
DUPLICATE,q112,3,domain3.json,q593,4,domain4.json,96.2,90,100,YES,C,C,What AWS team assists customers with accelerating cloud adoption through paid engagements in any of several specialty practice areas?,What AWS team assists customers with accelerating cloud adoption through paid engagements in any of several specialty practice area ?,A: AWS Enterprise Support. | B: AWS Solutions Architects. | C: AWS Professional Services. | D: AWS Account Managers.,A: AWS Enterprise Support | B: AWS Solutions Architects | C: AWS Professional Services | D: AWS Account Managers,Cross-domain: D3 vs D4,,
DUPLICATE,q177,3,domain3.json,q699,3,domain3.json,96.0,89,100,YES,D,D,Which AWS service would a customer use with a static website to achieve tower latency and high transfer speeds?,Which AWS service would a customer use with a static website to achieve lower latency and high transfer speeds?,A: AWS Lambda. | B: Amazon DynamoDB Accelerator. | C: Amazon Route 53. | D: Amazon CloudFront.,A: AWS Lambda | B: Amazon DynamoDB Accelerator | C: Amazon Route 53 | D: Amazon CloudFront,"Q1 typo: ""tower""->""lower""",,
DUPLICATE,q125,4,domain4.json,q595,4,domain4.json,95.6,88,100,YES,C,C,Which of the following Amazon EC2 pricing models allow customers to use existing server-bound software licenses?,Which of the following Amazon EC2 pricing models allow customers to use existing server-bound software license ?,A: Spot Instances. | B: Reserved Instances. | C: Dedicated Hosts. | D: On-Demand Instances.,A: Spot Instances | B: Reserved Instances | C: Dedicated Hosts | D: On-Demand Instances,,,
DUPLICATE,q841,2,domain2.json,q573,3,domain3.json,95.4,91,100,YES,"A, E","A, E",Which AWS service or feature can enhance network security by blocking requests from a particular network for a web application on AWS? (Choose two.),Which AWS service or feature can enhance network security by blocking requests from a particular network for a web application on AWS? (Select TWO),A: AWS WAF | B: AWS Trusted Advisor | C: AWS Direct Connect | D: AWS Organizations | E: Network ACLs,A: AWS WAF. | B: AWS Trusted Advisor. | C: AWS Direct Connect. | D: AWS Organizations. | E: Network ACLs.,Cross-domain: D2 vs D3,,
DUPLICATE,q728,1,domain1.json,q579,3,domain3.json,94.7,90,100,YES,"A, C","A, C",What are the benefits of using the AWS Cloud for companies with customers in many countries around the world? (Choose two.),What are the benefits of using the AWS Cloud for companies with customers in many countries around the world (Select TWO),"A: Companies can deploy applications in multiple AWS Regions to reduce latency. | B: Amazon Translate automatically translates third-party website interfaces into multiple languages. | C: Amazon CloudFront has multiple edge locations around the world to reduce latency. | D: Amazon Comprehend allows users to build applications that can respond to user requests in many languages. | E: Elastic Load Balancing can distribute application web traffic to multiple AWS Regions around the world, which reduces latency.",A: Companies can deploy applications in multiple AWS Regions to reduce latency. | B: Amazon Translate automatically translates third-party website interfaces into multiple languages. | C: Amazon CloudFront has multiple edge locations around the world to reduce latency. | D: Amazon Comprehend allows users to build applications that can respond to user requests in many languages. | E: Elastic Load Balancing can distribute application web traffic to multiple AWS Regions around the world which reduces latency.,Cross-domain: D1 vs D3,,
DUPLICATE,q161,1,domain1.json,q745,1,domain1.json,94.7,90,100,YES,"C, D","C, D",What are the benefits of developing and running a new application in the AWS Cloud compared to on-premises? (Select TWO),What are the benefits of developing and running a new application in the AWS Cloud compared to on-premises? (Choose two.),A: AWS automatically distributes the data globally for higher durability. | B: AWS will take care of operating the application. | C: AWS makes it easy to architect for high availability. | D: AWS can easily accommodate application demand changes. | E: AWS takes care of application security patching.,A: AWS automatically distributes the data globally for higher durability. | B: AWS will take care of operating the application. | C: AWS makes it easy to architect for high availability. | D: AWS can easily accommodate application demand changes. | E: AWS takes care application security patching.,,,
DUPLICATE,q668,4,domain4.json,q724,4,domain4.json,94.2,93,100,YES,D,D,What AWS service would be used to centrally manage AWS access across multiple accounts?,What AWS service would be used to centrally manage AWS access policies across multiple accounts?,A: AWS Service Catalog | B: AWS Config | C: AWS Trusted Advisor | D: AWS Organizations,A: AWS Service Catalog | B: AWS Config | C: AWS Trusted Advisor | D: AWS Organizations,,,
DUPLICATE,q569,3,domain3.json,q710,3,domain3.json,93.5,88,100,NO,"C, E","B, D",Which AWS services provide a way to extend an on-premises architecture to the AWS Cloud? (Select TWO),Which AWS services provide a way to extend an on-premises architecture to the AWS Cloud? (Choose two.),A: Amazon EBS. | B: Amazon Connect. | C: AWS Storage Gateway. | D: Amazon CloudFront. | E: AWS Direct Connect.,A: Amazon EBS | B: AWS Direct Connect | C: Amazon CloudFront | D: AWS Storage Gateway | E: Amazon Connect,DIFFERENT ANSWERS,,
DUPLICATE,q710,3,domain3.json,q185,3,domain3.json,93.5,88,100,YES,"B, D","B, D",Which AWS services provide a way to extend an on-premises architecture to the AWS Cloud? (Choose two.),Which AWS services provide a way to extend an on-premises architecture to the AWS Cloud? (Select TWO),A: Amazon EBS | B: AWS Direct Connect | C: Amazon CloudFront | D: AWS Storage Gateway | E: Amazon Connect,A: Amazon EBS. | B: AWS Direct Connect. | C: Amazon CloudFront. | D: AWS Storage Gateway. | E: Amazon Connect.,,,
DUPLICATE,q171,2,domain2.json,q689,2,domain2.json,93.3,87,100,YES,"A, D","A, D",Which of the following services have Distributed Denial of Service (DDoS) mitigation features? (Select TWO),Which of the following services have Distributed Denial of Service (DDoS) mitigation features? (Choose two.),A: AWS WAF. | B: Amazon DynamoDB. | C: Amazon EC2. | D: Amazon CloudFront. | E: Amazon Inspector.,A: AWS WAF | B: Amazon DynamoDB | C: Amazon EC2 | D: Amazon CloudFront | E: Amazon Inspector,,,
DUPLICATE,q103,2,domain2.json,q798,2,domain2.json,93.2,87,100,YES,"C, E","C, E",Which of the following will enhance the security of access to the AWS Management Console’? (Select TWO),Which of the following will enhance the security of access to the AWS Management Console? (Choose two.),A: AWS Secrets Manager. | B: AWS Certificate Manager. | C: AWS Multi-Factor Authentication (AWS MFA). | D: Security groups. | E: Password policies.,A: AWS Secrets Manager | B: AWS Certificate Manager | C: AWS Multi-Factor Authentication (AWS MFA) | D: Security groups | E: Password policies,,,
DUPLICATE,q120,2,domain2.json,q890,2,domain2.json,93.1,87,100,YES,"A, C","A, C",What credential components are required to gain programmatic access to an AWS account? (Select TWO),What credential components are required to gain programmatic access to an AWS account? (Choose two.),A: An access key ID. | B: A primary key. | C: A secret access key. | D: A user ID. | E: A secondary key.,A: An access key ID | B: A primary key | C: A secret access key | D: A user ID | E: A secondary key,,,
DUPLICATE,q183,1,domain1.json,q716,2,domain2.json,93.1,86,100,YES,"B, E","B, E",Under the shared responsibility model which of the following areas are the customer’s responsibility? (Select TWO),Under the shared responsibility model; which of the following areas are the customer's responsibility? (Choose two.),A: Firmware upgrades of network infrastructure. | B: Patching of operating systems. | C: Patching of the underlying hypervisor. | D: Physical security of data centers. | E: Configuration of the security group.,A: Firmware upgrades of network infrastructure | B: Patching of operating systems | C: Patching of the underlying hypervisor | D: Physical security of data centers | E: Configuration of the security group,Cross-domain: D1 vs D2,,
DUPLICATE,q153,3,domain3.json,q810,4,domain4.json,92.8,87,100,YES,"B, D","B, D",What can assist in evaluating an application for migration to the cloud? (Select TWO),What can assist in evaluating an application for migration to the cloud? (Choose two.),A: AWS Trusted Advisor. | B: AWS Professional Services. | C: AWS Systems Manager. | D: AWS Partner Network (APN). | E: AWS Secrets Manager.,A: AWS Trusted Advisor | B: AWS Professional Services | C: AWS Systems Manager | D: AWS Partner Network (APN) | E: AWS Secrets Manager,Cross-domain: D3 vs D4,,
DUPLICATE,q115,4,domain4.json,q801,4,domain4.json,92.8,87,100,YES,"B, C","B, C",How does AWS Trusted Advisor provide guidance to users of the AWS Cloud? (Select TWO),How does AWS Trusted Advisor provide guidance to users of the AWS Cloud? (Choose two.),A: It identifies software vulnerabilities in applications running on AWS. | B: It provides a list of cost optimization recommendations based on current AWS usage. | C: It detects potential security vulnerabilities caused by permissions settings on account resources. | D: It automatically corrects potential security issues caused by permissions settings on account resources. | E: It provides proactive alerting whenever an Amazon EC2 instance has been compromised.,A: It identifies software vulnerabilities in applications running on AWS | B: It provides a list of cost optimization recommendations based on current AWS usage | C: It detects potential security vulnerabilities caused by permissions settings on account resources | D: It automatically corrects potential security issues caused by permissions settings on account resources | E: It provides proactive alerting whenever an Amazon EC2 instance has been compromised,,,
DUPLICATE,q736,1,domain1.json,q554,3,domain3.json,91.6,83,100,YES,"B, C","B, C",Which of the following are pillars of the AWS Well-Architected Framework? (Choose two.),Which of the following are pillars of the AWS Well-Architected Framework? (Select TWO),A: Multiple Availability Zones | B: Performance efficiency | C: Security | D: Encryption usage | E: High availability,A: Multiple Availability Zones. | B: Performance efficiency. | C: Security. | D: Encryption usage. | E: High availability.,Cross-domain: D1 vs D3,,
DUPLICATE,q667,2,domain2.json,q150,3,domain3.json,91.6,85,100,YES,"B, D","B, D",How can a customer increase security to AWS account logons? (Choose two.),How can a customer increase security to AWS account logons? (Select TWO),A: Configure AWS Certificate Manager | B: Enable Multi-Factor Authentication (MFA) | C: Use Amazon Cognito to manage access | D: Configure a strong password policy | E: Enable AWS Organizations,A: Configure AWS Certificate Manager | B: Enable Multi-Factor Authentication (MFA) | C: Use Amazon Cognito to manage access | D: Configure a strong password policy | E: Enable AWS Organizations,Cross-domain: D2 vs D3,,
DUPLICATE,q106,4,domain4.json,q191,4,domain4.json,91.4,83,100,YES,"A, D","A, D",Which of the following are advantages of AWS consolidated billing? (Select TWO),Which of the following are advantages of AWS consolidated billing? (Choose two),"A: The ability to receive one bill for multiple accounts. | B: Service limits increasing by default in all accounts. | C: A fixed discount on the monthly bill. | D: Potential volume discounts, as usage in all accounts is combined. | E: The automatic extension of the master account’s AWS support plan to all accounts.","A: The ability to receive one bill for multiple accounts. | B: Service limits increasing by default in all accounts. | C: A fixed discount on the monthly bill. | D: Potential volume discounts, as usage in all accounts is combined. | E: The automatic extension of the master account’s AWS support plan to all accounts.",,,
DUPLICATE,q191,4,domain4.json,q599,4,domain4.json,91.4,83,100,YES,"A, D","A, D",Which of the following are advantages of AWS consolidated billing? (Choose two),Which of the following are advantages of AWS consolidated billing? (Select TWO.),"A: The ability to receive one bill for multiple accounts. | B: Service limits increasing by default in all accounts. | C: A fixed discount on the monthly bill. | D: Potential volume discounts, as usage in all accounts is combined. | E: The automatic extension of the master account’s AWS support plan to all accounts.","A: The ability to receive one bill for multiple accounts | B: Service limits increasing by default in all accounts | C: A fixed discount on the monthly bill | D: Potential volume discounts, as usage in all accounts is combined | E: The automatic extension of the master account's AWS support plan to all accounts",,,
DUPLICATE,q059,4,domain4.json,q679,4,domain4.json,91.1,83,100,YES,"B, E","B, E",Which of the following BEST describe the AWS pricing model? (Select TWO),Which of the following BEST describe the AWS pricing model? (Choose two.),A: Fixed-term. | B: Pay-as-you-go. | C: Colocation. | D: Planned. | E: Variable cost.,A: Fixed-term | B: Pay-as-you-go | C: Colocation | D: Planned | E: Variable cost,,,
DUPLICATE,q062,4,domain4.json,q696,4,domain4.json,90.0,100,67,YES,C,C,Which Amazon EC2 pricing model offers the MOST significant discount when compared to OnDemand Instances?,Which Amazon EC2 pricing model offers the MOST significant discount when compared to On-Demand Instances?,A: A Partial Upfront Reserved Instances for a 1-year term. | B: All Upfront Reserved instances for a 1 year form. | C: All Upfront Reserved Instances for a 3 year term. | D: No Upfront Reserved Instances for a 3 year term.,A: Partial Upfront Reserved Instances for a 1-year term | B: All Upfront Reserved Instances for a 1-year term | C: All Upfront Reserved Instances for a 3-year term | D: No Upfront Reserved Instances for a 3-year term,,,
DUPLICATE,q764,1,domain1.json,q186,3,domain3.json,88.9,80,100,YES,"B, C","B, C",What are the advantages of the AWS Cloud? (Choose two.),What are the advantages of the AWS Cloud (Select TWO),A: Fixed rate monthly cost | B: No need to guess capacity requirements | C: Increased speed to market | D: Increased upfront capital expenditure | E: Physical access to cloud data centers,A: Fixed rate monthly cost. | B: No need to guess capacity requirements. | C: Increased speed to market. | D: Increased upfront capital expenditure. | E: Physical access to cloud data centers.,Cross-domain: D1 vs D3,,
DUPLICATE,q137,3,domain3.json,q611,3,domain3.json,88.5,100,62,YES,"B, E","B, E",Which of the following AWS services can be used to serve large amounts of online video content with the lowest possible latency? (Select TWO),Which of the following AWS services can be used to serve large amounts of online video content with the lowest possible latency? (Select TWO.),A: appGateway. | B: Amazon S3. | C: Amazon Elastic File System (EFS). | D: Amazon Glacier. | E: Amazom CloudFront.,A: AWS Storage Gateway | B: Amazon S3 | C: Amazon Elastic File System (EFS) | D: Amazon Glacier | E: Amazon CloudFront,,,
DUPLICATE,q135,4,domain4.json,q670,4,domain4.json,74.7,63,100,NO,B,A,Which is the MINIMUM AWS Support plan that provides technical support through phone calls?,Which is the MINIMUM AWS Support plan that provides designated Technical Account Managers?,A: Enterprise. | B: Business. | C: Developer. | D: Basic.,A: Enterprise | B: Business | C: Developer | D: Basic,DIFFERENT ANSWERS,,
REWORDED,q110,4,domain4.json,q135,4,domain4.json,64.7,40,100,YES,B,B,Which is the MINIMUM AWS Support plan that allows for one-hour target response time for support cases?,Which is the MINIMUM AWS Support plan that provides technical support through phone calls?,A: Enterprise. | B: Business. | C: Developer | D: Basic,A: Enterprise. | B: Business. | C: Developer. | D: Basic.,"Same options, reworded question",,
REWORDED,q074,4,domain4.json,q135,4,domain4.json,63.4,40,100,NO,A,B,Which is the minimum AWS Support plan that includes Infrastructure Event Management without additional costs?,Which is the MINIMUM AWS Support plan that provides technical support through phone calls?,A: Enterprise. | B: Business. | C: Developer. | D: Basic.,A: Enterprise. | B: Business. | C: Developer. | D: Basic.,"DIFFERENT ANSWERS; Same options, reworded question",,
REWORDED,q110,4,domain4.json,q670,4,domain4.json,63.3,40,100,NO,B,A,Which is the MINIMUM AWS Support plan that allows for one-hour target response time for support cases?,Which is the MINIMUM AWS Support plan that provides designated Technical Account Managers?,A: Enterprise. | B: Business. | C: Developer | D: Basic,A: Enterprise | B: Business | C: Developer | D: Basic,"DIFFERENT ANSWERS; Same options, reworded question",,
REWORDED,q074,4,domain4.json,q670,4,domain4.json,63.1,40,100,YES,A,A,Which is the minimum AWS Support plan that includes Infrastructure Event Management without additional costs?,Which is the MINIMUM AWS Support plan that provides designated Technical Account Managers?,A: Enterprise. | B: Business. | C: Developer. | D: Basic.,A: Enterprise | B: Business | C: Developer | D: Basic,"Same options, reworded question",,
REWORDED,q919,2,domain2.json,q954,2,domain2.json,61.0,50,75,YES,B,B,Which AWS service can be used to track unauthorized API calls?,Which AWS service can be used to track resource changes and establish compliance?,A: AWS Config | B: AWS CloudTrail | C: AWS Trusted Advisor | D: Amazon Inspector,A: Amazon CloudWatch | B: AWS Config | C: AWS CloudTrail | D: AWS Trusted Advisor,"Same options, reworded question",,
REWORDED,q279,2,domain2.json,q874,4,domain4.json,52.8,40,80,NO,D,C,What is the minimum level of AWS support that provides 24x7 access to technical support engineers via phone and chat?,What is the MINIMUM AWS Support plan level that will provide users with access to the AWS Support API?,A: Enterprise Support. | B: Developer Support. | C: Basic Support. | D: Business Support.,A: Developer | B: Enterprise | C: Business | D: Basic,"DIFFERENT ANSWERS; Cross-domain: D2 vs D4; Same options, reworded question",,
REWORDED,q477,4,domain4.json,q688,4,domain4.json,39.0,40,83,NO,B,D,Which of the following AWS support plans provides access to only the seven core AWS Trusted Advisor checks?,Which AWS Support plan provides a full set of AWS Trusted Advisor checks?,A: Business & Enterprise Support. | B: Basic & Developer Support. | C: Developer & Enterprise Support. | D: Developer & Business Support.,A: Business and Developer Support | B: Business and Basic Support | C: Enterprise and Developer Support | D: Enterprise and Business Support,"DIFFERENT ANSWERS; Same options, reworded question",,
REWORDED,q086,3,domain3.json,q987,3,domain3.json,35.4,40,71,YES,B,B,Which AWS service is a managed NoSQL database?,Which AWS service provides the ability to host a NoSQL database in the AWS Cloud?,A: Amazon Redshift. | B: Amazon DynamoDB. | C: Amazon Aurora. | D: Amazon RDS for MariaDB.,A: Amazon Aurora | B: Amazon DynamoDB | C: Amazon RDS | D: Amazon Redshift,"Same options, reworded question",,
SAME-CONCEPT,q902,4,domain4.json,q956,4,domain4.json,46.3,31,83,YES,B,B,A company's application has flexible start and end times. Which Amazon EC2 pricing model will be the MOST cost-effective?,A user has a stateful workload that will run on Amazon EC2 for the next 3 years. What is the MOST cost-effective pricing model for this workload?,A: On-Demand Instances | B: Spot Instances | C: Reserved Instances | D: Dedicated Hosts,A: On-Demand Instances | B: Reserved Instances | C: Dedicated Instances | D: Spot Instances,"Same concept, different wording",,